<?xml version="1.0" encoding="utf-8" ?>

<odoo>

    <data noupdate="1">
<!-- Schedule action for generating automatic database backup-->
        <record id="ir_cron_auto_db_backup" model="ir.cron">
            <field name="name">Backup : Doyenhub Automatic Database Backup</field>
            <field name="model_id" ref="model_doyenhub_database_backup"/>
            <field name="state">code</field>
            <field name="code">model._schedule_auto_backup()</field>
            <field name="interval_number">1</field>
            <field name="interval_type">days</field>
            <field name="numbercall">-1</field>
            <field name="active">False</field>
        </record>
    </data>
</odoo>